{
  "timestamp": "20251001_144842",
  "created_at": "2025-10-01T14:48:43.230822",
  "database": {
    "name": "petshop_auction",
    "host": "localhost",
    "port": "3306",
    "version": "9.2.0",
    "size_mb": "2.59",
    "table_count": 61,
    "tables": [
      "ai_model_metrics",
      "ai_recognition_feedback",
      "ai_recognition_records",
      "aquarium_design_services",
      "auto_bids",
      "bids",
      "browse_histories",
      "categories",
      "conversations",
      "deposit_logs",
      "deposits",
      "door_services",
      "event_products",
      "keyword_subscriptions",
      "local_pet_stores",
      "local_pickup_services",
      "local_service_comments",
      "local_service_favorites",
      "local_service_likes",
      "local_service_posts",
      "local_services",
      "logistics",
      "lottery_config",
      "lottery_prizes",
      "lottery_records",
      "message_templates",
      "messages",
      "nearby_items",
      "order_items",
      "orders",
      "partner_applications",
      "payments",
      "pet_breed_info",
      "pet_breeding_info",
      "pet_social_comments",
      "pet_social_likes",
      "pet_social_posts",
      "pet_valuation_services",
      "product_favorites",
      "product_images",
      "products",
      "recognition_cache",
      "recycling_items",
      "recycling_orders",
      "search_history",
      "shops",
      "sms_codes",
      "special_events",
      "splash_ads",
      "store_applications",
      "store_follows",
      "store_reviews",
      "stores",
      "system_messages",
      "system_notifications",
      "user_addresses",
      "user_checkins",
      "user_follows",
      "user_notifications",
      "users",
      "wallet_transactions"
    ]
  },
  "backup_files": [
    {
      "filename": "petshop_structure_mysql57_20251001_144842.sql",
      "filepath": "/Users/yy/Documents/GitHub/petshopnew/backend/backups/petshop_structure_mysql57_20251001_144842.sql",
      "size_bytes": 74695,
      "size_mb": 0.07,
      "md5_hash": "39e249919152d4290d4043f2fe282f6a",
      "type": "结构备份"
    },
    {
      "filename": "petshop_data_mysql57_20251001_144842.sql",
      "filepath": "/Users/yy/Documents/GitHub/petshopnew/backend/backups/petshop_data_mysql57_20251001_144842.sql",
      "size_bytes": 77257,
      "size_mb": 0.07,
      "md5_hash": "dc2ca8fff5a3468904cd19e343ca9026",
      "type": "数据备份"
    },
    {
      "filename": "petshop_complete_mysql57_20251001_144842.sql",
      "filepath": "/Users/yy/Documents/GitHub/petshopnew/backend/backups/petshop_complete_mysql57_20251001_144842.sql",
      "size_bytes": 147274,
      "size_mb": 0.14,
      "md5_hash": "ff4cc8946d878b84c55410082d4c4532",
      "type": "完整备份"
    }
  ]
}