{
  "timestamp": "20250929_084132",
  "created_at": "2025-09-29T08:41:32.649905",
  "database": {
    "name": "petshop_auction",
    "host": "localhost",
    "port": "3306",
    "version": "9.2.0",
    "size_mb": "2.50",
    "table_count": 60,
    "tables": [
      "ai_model_metrics",
      "ai_recognition_feedback",
      "ai_recognition_records",
      "aquarium_design_services",
      "auto_bids",
      "bids",
      "browse_histories",
      "categories",
      "conversations",
      "deposit_logs",
      "deposits",
      "door_services",
      "event_products",
      "keyword_subscriptions",
      "local_pet_stores",
      "local_pickup_services",
      "local_service_comments",
      "local_service_favorites",
      "local_service_likes",
      "local_service_posts",
      "local_services",
      "logistics",
      "lottery_config",
      "lottery_prizes",
      "lottery_records",
      "message_templates",
      "messages",
      "nearby_items",
      "order_items",
      "orders",
      "partner_applications",
      "payments",
      "pet_breed_info",
      "pet_breeding_info",
      "pet_social_comments",
      "pet_social_likes",
      "pet_social_posts",
      "pet_valuation_services",
      "product_favorites",
      "product_images",
      "products",
      "recognition_cache",
      "recycling_items",
      "recycling_orders",
      "search_history",
      "shops",
      "sms_codes",
      "special_events",
      "store_applications",
      "store_follows",
      "store_reviews",
      "stores",
      "system_messages",
      "system_notifications",
      "user_addresses",
      "user_checkins",
      "user_follows",
      "user_notifications",
      "users",
      "wallet_transactions"
    ]
  },
  "backup_files": [
    {
      "filename": "petshop_structure_mysql57_20250929_084132.sql",
      "filepath": "/Users/yy/Documents/GitHub/petshopnew/backend/backups/petshop_structure_mysql57_20250929_084132.sql",
      "size_bytes": 72705,
      "size_mb": 0.07,
      "md5_hash": "2163d216e04102084c13c2dc96c78349",
      "type": "结构备份"
    },
    {
      "filename": "petshop_data_mysql57_20250929_084132.sql",
      "filepath": "/Users/yy/Documents/GitHub/petshopnew/backend/backups/petshop_data_mysql57_20250929_084132.sql",
      "size_bytes": 74608,
      "size_mb": 0.07,
      "md5_hash": "b929be20176fa348dc6097f3902022aa",
      "type": "数据备份"
    },
    {
      "filename": "petshop_complete_mysql57_20250929_084132.sql",
      "filepath": "/Users/yy/Documents/GitHub/petshopnew/backend/backups/petshop_complete_mysql57_20250929_084132.sql",
      "size_bytes": 142670,
      "size_mb": 0.14,
      "md5_hash": "9054133e82c96b47049b32cfd741ccff",
      "type": "完整备份"
    }
  ]
}